index,chamfer,mse,psnr,ssim
0,0.0009059782532276586,0.04188432087004185,14.113974285125732,0.7490523273944855
1,0.0009059782492695376,0.04188432075828314,14.113974266052246,0.7490523281097412
2,0.0009662218550220132,0.0407063073143363,14.256542358398438,0.7651039125919342
3,0.0009662218581652269,0.04070630726218224,14.256542392730713,0.7651039125919342
