index,chamfer,mse,psnr,ssim
0,0.00026826048269867897,0.21288834512233734,6.71975040435791,0.5552880167961121
1,0.0003557034069672227,0.21381157636642456,6.7008256912231445,0.518389880657196
