index,chamfer,mse,psnr,ssim
0,0.00031198194483295083,0.21334996074438095,6.710288047790527,0.536838948726654
