index,chamfer,mse,psnr,ssim
0,0.0005529874883359299,0.04941485893726349,13.345681900024415,0.690261242389679
1,0.000552987489849329,0.04941485919803381,13.345681900024415,0.6902612421512604
2,0.00569157508853823,0.049328046455979345,13.34496720123291,0.6863820419311524
3,0.00569157509226352,0.04932804657518864,13.3449672164917,0.6863820412158966
