index,chamfer,mse,psnr,ssim
0,0.00036035692254792406,0.03332165522155112,15.119460262938174,0.8172336691867805
1,0.00025270685377446405,0.03347833328573647,15.133384727432343,0.8335705658275924
2,0.00027714939300451166,0.03525520722286965,14.881219064404151,0.7813661034235697
3,0.00022266547215306394,0.03493398820011023,14.945890169657632,0.702400135422895
4,0.0001491545059296099,0.03591014662880205,14.84613006557533,0.821791701152653
5,0.0002394563982012775,0.03572278291343929,14.855792159805755,0.8189848716744406
6,0.00022683118698181944,0.035742917276561974,14.852345917753118,0.7223597784599144
7,0.00024462981519843854,0.03528512935126256,14.904226908426798,0.7615540438069555
