index,chamfer,mse,psnr,ssim
0,0.0012633518946822734,0.04183831764012575,14.13109220123291,0.7693738043308258
1,0.0011233275755657814,0.040396895810961723,14.292750717163086,0.7763396337032318
2,0.000860150222433731,0.039767218366265296,14.37510408782959,0.7827905168533326
3,0.0007733670647139661,0.042867766447365285,14.056286128997803,0.7846279933452606
