index,chamfer,mse,psnr,ssim
0,0.0011361243006540462,0.04054076885432005,14.273284313201904,0.7631443910598755
1,0.0008814618098549545,0.03843156038969755,14.519508548736573,0.7747707388401032
2,0.0009024143035931047,0.03744041685014963,14.642378074645997,0.7796749014854432
3,0.0010157811159151606,0.036735164642333985,14.738269081115723,0.7891600029468536
