index,chamfer,mse,psnr,ssim
0,0.0011078029845957645,0.04367583613097668,13.940120292663574,0.7735396585464478
1,0.000580343393899966,0.0440104609131813,13.92917518234253,0.7813506636619568
2,0.001028299780737143,0.043263324700295924,14.007486457824706,0.7846590294837952
3,0.001024569010012783,0.04443115950375796,13.899102199554443,0.7879911077022552
