index,chamfer,mse,psnr,ssim
0,0.0009668960502021946,0.04014324574917555,14.314655475616455,0.7634189655780792
1,0.0013854726066347212,0.03830336555093527,14.535024883270264,0.767470682144165
2,0.000842435963684693,0.03711075293272734,14.686885887145996,0.7777614369392395
