index,chamfer,mse,psnr,ssim
0,0.0012700050296261907,0.03974674499034882,14.3617691116333,0.7677742154598236
1,0.0006790749520878308,0.03772570633888245,14.61261831665039,0.777864541053772
2,0.0005666143770213239,0.03754564866423607,14.648803775787353,0.7825338923931122
3,0.0007963637668872252,0.03714907415956259,14.688210723876953,0.7897561674118042
