index,chamfer,mse,psnr,ssim
0,0.04193620666861534,0.08387241333723068,11.17002837753296,0.666901787519455
1,0.04193620663881302,0.08387241336703301,11.170028408050538,0.6669017868041992
2,0.041936206467449666,0.08387241318821907,11.17002838897705,0.6669017870426178
