index,chamfer,mse,psnr,ssim
0,0.04193620679527521,0.08387241357564926,11.17002837753296,0.6669017870426178
1,0.04193620666861534,0.08387241341173649,11.17002837753296,0.6669017865657806
