index,chamfer,mse,psnr,ssim
0,0.0003330745676648803,0.05029243220388889,13.33199253463745,0.7515413258075714
1,0.000401849233545363,0.05093866224586964,13.294599403381348,0.7512582223415375
