index,chamfer,mse,psnr,ssim
0,0.00042530085251200943,0.04158548575639725,14.174583927154542,0.7496583812236786
1,0.0008341040729428641,0.03850275924056768,14.514130897521973,0.7678172264099121
2,0.0009675876913242973,0.037302233599126336,14.66639739227295,0.7838324835300445
3,0.0006863637416972779,0.03662340387701988,14.747817115783691,0.7792866177558899
