index,chamfer,mse,psnr,ssim
0,0.0005747129679657518,0.046474912971258164,13.632744415283202,0.6912683145999908
1,0.0005747129678493366,0.04647491317987442,13.632744350433349,0.6912683119773865
2,0.0014484833453316242,0.047500483378767965,13.534006420135498,0.7296696057319642
3,0.0014484833530150354,0.047500483326613906,13.534006412506104,0.7296696078777313
