index,chamfer,mse,psnr,ssim
0,0.0008039257765631192,0.0405474521368742,14.276363044738769,0.7717279517650604
1,0.0009223932191962376,0.038624137081205843,14.512441551208497,0.7893275089263916
2,0.0009264578044530935,0.03764327685534954,14.635963836669921,0.7948471052646637
3,0.0007628216377343051,0.03739074381440878,14.675511875152587,0.7995917730331421
