index,chamfer,mse,psnr,ssim
0,0.0008454228522605262,0.040221681706607344,14.306302631378173,0.7604259068965912
1,0.0009637438046629541,0.03821431443095207,14.54819401550293,0.7774054417610169
2,0.0008512986231944523,0.037259561195969584,14.66939921951294,0.7806009697914124
3,0.0009789092892897315,0.03657413495332003,14.757718006134033,0.78933136677742
4,0.0009739477973780595,0.03636206940561533,14.786873943328857,0.7920226273536682
