index,chamfer,mse,psnr,ssim
0,0.0010606925160391257,0.03960921323299408,14.379920608520507,0.7676614968776703
1,0.0008289238786674105,0.03754337386786938,14.629733165740967,0.77562810921669
2,0.0008404249034938403,0.037082477517426014,14.696574020385743,0.7892165875434876
3,0.0009281994845950976,0.03655904992669821,14.76227000427246,0.7908741734027862
4,0.0007593816085718572,0.03620063745975494,14.813046821594238,0.7930320243835449
5,0.0006728426889167167,0.03587299744039774,14.853495235443114,0.7914348738193512
6,0.0007239169237436727,0.035648564003407955,14.882573143005372,0.7926414833068848
7,0.0006863081025658175,0.036069571860134604,14.829089096069335,0.7952034652233124
