index,chamfer,mse,psnr,ssim
0,0.0010654816542519257,0.03970547174662352,14.367273166656494,0.7720460221767426
1,0.0007785094249993563,0.038120243564248084,14.566479747772217,0.7797092871665955
2,0.0008703338849009015,0.03762824791669846,14.63235221862793,0.7920833563804627
3,0.0007830479094409384,0.036528845608234405,14.763770305633544,0.7871187143325805
4,0.0007251119560969528,0.03638473565131426,14.787801387786866,0.7890900797843933
5,0.0008708944406243972,0.03601234612613916,14.828962356567382,0.7896863989830017
