index,chamfer,mse,psnr,ssim
0,0.001162720747059211,0.04167397537082434,14.149169799804687,0.769188933134079
1,0.0011518786007072776,0.040354233302175996,14.292172103881835,0.7701922607421875
2,0.0007807208347367123,0.04219184403121472,14.109754077911377,0.7783483636379241
3,0.0007285765045671724,0.04444728233665228,13.900021293640137,0.7954371945858002
